{
  "project_info": {
    "project_number": "322875731772",
    "firebase_url": "https://levelup-fe5e8.firebaseio.com",
    "project_id": "levelup-fe5e8",
    "storage_bucket": "levelup-fe5e8.appspot.com"
  },
  "client": [
    {
      "client_info": {
        "mobilesdk_app_id": "1:322875731772:android:4c38655b95acbffd21f839",
        "android_client_info": {
          "package_name": "com.TSS.levelup"
        }
      },
      "oauth_client": [
        {
          "client_id": "322875731772-if2dm3rje7q5t5796mj1j1qqbbite4b7.apps.googleusercontent.com",
          "client_type": 3
        }
      ],
      "api_key": [
        {
          "current_key": "AIzaSyCAxyBmBO4a8vIHIa82LqKLUe2HhexxleQ"
        }
      ],
      "services": {
        "appinvite_service": {
          "other_platform_oauth_client": [
            {
              "client_id": "322875731772-if2dm3rje7q5t5796mj1j1qqbbite4b7.apps.googleusercontent.com",
              "client_type": 3
            }
          ]
        }
      }
    }
  ],
  "configuration_version": "1"
}